Row,Col,Strain,Color
A,1,JM109-GFP,#4daf4a
A,2,JM109-GFP,#4daf4a
A,3,JM109-GFP,#4daf4a
A,4,JM109-GFP,#4daf4a
A,5,mixed,#377eb8
A,6,mixed,#377eb8
A,7,mixed,#377eb8
A,8,mixed,#377eb8
A,9,MG1655-RFP,#e41a1c
A,10,MG1655-RFP,#e41a1c
A,11,MG1655-RFP,#e41a1c
A,12,MG1655-RFP,#e41a1c
B,1,JM109-GFP,#4daf4a
B,2,JM109-GFP,#4daf4a
B,3,JM109-GFP,#4daf4a
B,4,JM109-GFP,#4daf4a
B,5,mixed,#377eb8
B,6,mixed,#377eb8
B,7,mixed,#377eb8
B,8,mixed,#377eb8
B,9,MG1655-RFP,#e41a1c
B,10,MG1655-RFP,#e41a1c
B,11,MG1655-RFP,#e41a1c
B,12,MG1655-RFP,#e41a1c
C,1,JM109-GFP,#4daf4a
C,2,JM109-GFP,#4daf4a
C,3,JM109-GFP,#4daf4a
C,4,JM109-GFP,#4daf4a
C,5,mixed,#377eb8
C,6,mixed,#377eb8
C,7,mixed,#377eb8
C,8,mixed,#377eb8
C,9,MG1655-RFP,#e41a1c
C,10,MG1655-RFP,#e41a1c
C,11,MG1655-RFP,#e41a1c
C,12,MG1655-RFP,#e41a1c
D,1,JM109-GFP,#4daf4a
D,2,JM109-GFP,#4daf4a
D,3,JM109-GFP,#4daf4a
D,4,JM109-GFP,#4daf4a
D,5,mixed,#377eb8
D,6,mixed,#377eb8
D,7,mixed,#377eb8
D,8,mixed,#377eb8
D,9,MG1655-RFP,#e41a1c
D,10,MG1655-RFP,#e41a1c
D,11,MG1655-RFP,#e41a1c
D,12,MG1655-RFP,#e41a1c
E,1,JM109-GFP,#4daf4a
E,2,JM109-GFP,#4daf4a
E,3,JM109-GFP,#4daf4a
E,4,JM109-GFP,#4daf4a
E,5,mixed,#377eb8
E,6,mixed,#377eb8
E,7,mixed,#377eb8
E,8,mixed,#377eb8
E,9,MG1655-RFP,#e41a1c
E,10,MG1655-RFP,#e41a1c
E,11,MG1655-RFP,#e41a1c
E,12,MG1655-RFP,#e41a1c
F,1,JM109-GFP,#4daf4a
F,2,JM109-GFP,#4daf4a
F,3,JM109-GFP,#4daf4a
F,4,JM109-GFP,#4daf4a
F,5,mixed,#377eb8
F,6,mixed,#377eb8
F,7,mixed,#377eb8
F,8,mixed,#377eb8
F,9,MG1655-RFP,#e41a1c
F,10,MG1655-RFP,#e41a1c
F,11,MG1655-RFP,#e41a1c
F,12,MG1655-RFP,#e41a1c
JM109-GFP,1,JM109-GFP,#4daf4a
JM109-GFP,2,JM109-GFP,#4daf4a
JM109-GFP,3,JM109-GFP,#4daf4a
JM109-GFP,4,JM109-GFP,#4daf4a
JM109-GFP,5,mixed,#377eb8
JM109-GFP,6,mixed,#377eb8
JM109-GFP,7,mixed,#377eb8
JM109-GFP,8,mixed,#377eb8
JM109-GFP,9,MG1655-RFP,#e41a1c
JM109-GFP,10,MG1655-RFP,#e41a1c
JM109-GFP,11,MG1655-RFP,#e41a1c
JM109-GFP,12,0,#ffffff
H,1,JM109-GFP,#4daf4a
H,2,JM109-GFP,#4daf4a
H,3,JM109-GFP,#4daf4a
H,4,JM109-GFP,#4daf4a
H,5,mixed,#377eb8
H,6,mixed,#377eb8
H,7,mixed,#377eb8
H,8,mixed,#377eb8
H,9,MG1655-RFP,#e41a1c
H,10,MG1655-RFP,#e41a1c
H,11,MG1655-RFP,#e41a1c
H,12,0,#ffffff
