Row,Col,Color,Strain
A,1,#4daf4a,DH5α-GFP
A,2,#4daf4a,DH5α-GFP
A,3,#4daf4a,DH5α-GFP
A,4,#4daf4a,DH5α-GFP
A,5,#377eb8,mixed
A,6,#377eb8,mixed
A,7,#377eb8,mixed
A,8,#377eb8,mixed
A,9,#e41a1c,TG1-RFP
A,10,#e41a1c,TG1-RFP
A,11,#e41a1c,TG1-RFP
A,12,#e41a1c,TG1-RFP
B,1,#4daf4a,DH5α-GFP
B,2,#4daf4a,DH5α-GFP
B,3,#4daf4a,DH5α-GFP
B,4,#4daf4a,DH5α-GFP
B,5,#377eb8,mixed
B,6,#377eb8,mixed
B,7,#377eb8,mixed
B,8,#377eb8,mixed
B,9,#e41a1c,TG1-RFP
B,10,#e41a1c,TG1-RFP
B,11,#e41a1c,TG1-RFP
B,12,#e41a1c,TG1-RFP
C,1,#4daf4a,DH5α-GFP
C,2,#4daf4a,DH5α-GFP
C,3,#4daf4a,DH5α-GFP
C,4,#4daf4a,DH5α-GFP
C,5,#377eb8,mixed
C,6,#377eb8,mixed
C,7,#377eb8,mixed
C,8,#377eb8,mixed
C,9,#e41a1c,TG1-RFP
C,10,#e41a1c,TG1-RFP
C,11,#e41a1c,TG1-RFP
C,12,#e41a1c,TG1-RFP
D,1,#4daf4a,DH5α-GFP
D,2,#4daf4a,DH5α-GFP
D,3,#4daf4a,DH5α-GFP
D,4,#4daf4a,DH5α-GFP
D,5,#377eb8,mixed
D,6,#377eb8,mixed
D,7,#377eb8,mixed
D,8,#377eb8,mixed
D,9,#e41a1c,TG1-RFP
D,10,#e41a1c,TG1-RFP
D,11,#e41a1c,TG1-RFP
D,12,#e41a1c,TG1-RFP
E,1,#4daf4a,DH5α-GFP
E,2,#4daf4a,DH5α-GFP
E,3,#4daf4a,DH5α-GFP
E,4,#4daf4a,DH5α-GFP
E,5,#377eb8,mixed
E,6,#377eb8,mixed
E,7,#377eb8,mixed
E,8,#377eb8,mixed
E,9,#e41a1c,TG1-RFP
E,10,#e41a1c,TG1-RFP
E,11,#e41a1c,TG1-RFP
E,12,#e41a1c,TG1-RFP
F,1,#4daf4a,DH5α-GFP
F,2,#4daf4a,DH5α-GFP
F,3,#4daf4a,DH5α-GFP
F,4,#4daf4a,DH5α-GFP
F,5,#377eb8,mixed
F,6,#377eb8,mixed
F,7,#377eb8,mixed
F,8,#377eb8,mixed
F,9,#e41a1c,TG1-RFP
F,10,#e41a1c,TG1-RFP
F,11,#e41a1c,TG1-RFP
F,12,#e41a1c,TG1-RFP
G,1,#4daf4a,DH5α-GFP
G,2,#4daf4a,DH5α-GFP
G,3,#4daf4a,DH5α-GFP
G,4,#4daf4a,DH5α-GFP
G,5,#377eb8,mixed
G,6,#377eb8,mixed
G,7,#377eb8,mixed
G,8,#377eb8,mixed
G,9,#e41a1c,TG1-RFP
G,10,#e41a1c,TG1-RFP
G,11,#e41a1c,TG1-RFP
G,12,#ffffff,blank
H,1,#4daf4a,DH5α-GFP
H,2,#4daf4a,DH5α-GFP
H,3,#4daf4a,DH5α-GFP
H,4,#4daf4a,DH5α-GFP
H,5,#377eb8,mixed
H,6,#377eb8,mixed
H,7,#377eb8,mixed
H,8,#377eb8,mixed
H,9,#e41a1c,TG1-RFP
H,10,#e41a1c,TG1-RFP
H,11,#e41a1c,TG1-RFP
H,12,#ffffff,blank