 i,t_i,W(t_i)                                                                   
                      
   0,  0.00000,  0.00000
   1,  0.00781, -0.04831
   2,  0.01562, -0.01600
   3,  0.02344,  0.04217
   4,  0.03125,  0.02736
   5,  0.03906, -0.19571
   6,  0.04688, -0.12270
   7,  0.05469, -0.16933
   8,  0.06250, -0.01092
   9,  0.07031, -0.17328
  10,  0.07812,  0.08948
  11,  0.08594,  0.03159
  12,  0.09375,  0.08681
  13,  0.10156,  0.14987
  14,  0.10938,  0.33980
  15,  0.11719,  0.36525
  16,  0.12500,  0.50631
  17,  0.13281,  0.43090
  18,  0.14062,  0.59799
  19,  0.14844,  0.48169
  20,  0.15625,  0.38420
  21,  0.16406,  0.32254
  22,  0.17188,  0.40872
  23,  0.17969,  0.33179
  24,  0.18750,  0.47445
  25,  0.19531,  0.43044
  26,  0.20312,  0.19345
  27,  0.21094,  0.22068
  28,  0.21875,  0.24659
  29,  0.22656,  0.15682
  30,  0.23438,  0.24149
  31,  0.24219,  0.16095
  32,  0.25000,  0.17891
  33,  0.25781,  0.21196
  34,  0.26562,  0.33215
  35,  0.27344,  0.37714
  36,  0.28125,  0.39816
  37,  0.28906,  0.42219
  38,  0.29688,  0.48195
  39,  0.30469,  0.47954
  40,  0.31250,  0.36634
  41,  0.32031,  0.39882
  42,  0.32812,  0.29118
  43,  0.33594,  0.25625
  44,  0.34375,  0.29334
  45,  0.35156,  0.37947
  46,  0.35938,  0.43683
  47,  0.36719,  0.39952
  48,  0.37500,  0.30670
  49,  0.38281,  0.30206
  50,  0.39062,  0.36076
  51,  0.39844,  0.49855
  52,  0.40625,  0.67175
  53,  0.41406,  0.70025
  54,  0.42188,  0.75451
  55,  0.42969,  0.59751
  56,  0.43750,  0.70638
  57,  0.44531,  0.61576
  58,  0.45312,  0.56558
  59,  0.46094,  0.65842
  60,  0.46875,  0.82952
  61,  0.47656,  0.86983
  62,  0.48438,  0.90741
  63,  0.49219,  0.95815
  64,  0.50000,  0.92655
  65,  0.50781,  1.01485
  66,  0.51562,  0.98700
  67,  0.52344,  0.97829
  68,  0.53125,  0.86578
  69,  0.53906,  0.82169
  70,  0.54688,  0.77545
  71,  0.55469,  0.73259
  72,  0.56250,  0.85766
  73,  0.57031,  0.98241
  74,  0.57812,  0.98239
  75,  0.58594,  0.90519
  76,  0.59375,  1.03158
  77,  0.60156,  1.02057
  78,  0.60938,  1.20585
  79,  0.61719,  1.18475
  80,  0.62500,  1.22722
  81,  0.63281,  1.14624
  82,  0.64062,  1.26343
  83,  0.64844,  1.33234
  84,  0.65625,  1.45849
  85,  0.66406,  1.32982
  86,  0.67188,  1.46233
  87,  0.67969,  1.48754
  88,  0.68750,  1.49381
  89,  0.69531,  1.38473
  90,  0.70312,  1.35555
  91,  0.71094,  1.24705
  92,  0.71875,  1.29776
  93,  0.72656,  1.30651
  94,  0.73438,  1.34302
  95,  0.74219,  1.11497
  96,  0.75000,  1.21387
  97,  0.75781,  1.21097
  98,  0.76562,  1.31762
  99,  0.77344,  1.17211
 100,  0.78125,  1.29196
 101,  0.78906,  1.35988
 102,  0.79688,  1.45401
 103,  0.80469,  1.54736
 104,  0.81250,  1.40820
 105,  0.82031,  1.36606
 106,  0.82812,  1.50770
 107,  0.83594,  1.51203
 108,  0.84375,  1.57113
 109,  0.85156,  1.55962
 110,  0.85938,  1.54409
 111,  0.86719,  1.58690
 112,  0.87500,  1.49362
 113,  0.88281,  1.38094
 114,  0.89062,  1.23754
 115,  0.89844,  1.17212
 116,  0.90625,  1.24894
 117,  0.91406,  1.24373
 118,  0.92188,  1.09646
 119,  0.92969,  1.01427
 120,  0.93750,  1.04149
 121,  0.94531,  0.94629
 122,  0.95312,  0.90771
 123,  0.96094,  0.86784
 124,  0.96875,  0.86045
 125,  0.97656,  0.67669
 126,  0.98438,  0.66402
 127,  0.99219,  0.78314
 128,  1.00000,  0.76211
 129,  1.00781,  0.73267
 130,  1.01562,  0.67658
 131,  1.02344,  0.51596
 132,  1.03125,  0.36396
 133,  1.03906,  0.42186
 134,  1.04688,  0.30830
 135,  1.05469,  0.36417
 136,  1.06250,  0.54691
 137,  1.07031,  0.53470
 138,  1.07812,  0.46531
 139,  1.08594,  0.39179
 140,  1.09375,  0.37162
 141,  1.10156,  0.33051
 142,  1.10938,  0.32046
 143,  1.11719,  0.38809
 144,  1.12500,  0.39347
 145,  1.13281,  0.33329
 146,  1.14062,  0.29707
 147,  1.14844,  0.51756
 148,  1.15625,  0.56387
 149,  1.16406,  0.52490
 150,  1.17188,  0.36711
 151,  1.17969,  0.47600
 152,  1.18750,  0.36969
 153,  1.19531,  0.30333
 154,  1.20312,  0.26867
 155,  1.21094,  0.38845
 156,  1.21875,  0.42508
 157,  1.22656,  0.22801
 158,  1.23438,  0.27465
 159,  1.24219,  0.17801
 160,  1.25000,  0.14055
 161,  1.25781,  0.10027
 162,  1.26562, -0.02343
 163,  1.27344, -0.03645
 164,  1.28125, -0.11199
 165,  1.28906, -0.17474
 166,  1.29688, -0.30738
 167,  1.30469, -0.31703
 168,  1.31250, -0.24103
 169,  1.32031, -0.27204
 170,  1.32812, -0.19385
 171,  1.33594, -0.27479
 172,  1.34375, -0.30338
 173,  1.35156, -0.41302
 174,  1.35938, -0.35600
 175,  1.36719, -0.25137
 176,  1.37500, -0.42894
 177,  1.38281, -0.38729
 178,  1.39062, -0.44419
 179,  1.39844, -0.37417
 180,  1.40625, -0.39159
 181,  1.41406, -0.36600
 182,  1.42188, -0.35321
 183,  1.42969, -0.43431
 184,  1.43750, -0.49558
 185,  1.44531, -0.43543
 186,  1.45312, -0.49586
 187,  1.46094, -0.46362
 188,  1.46875, -0.35254
 189,  1.47656, -0.32398
 190,  1.48438, -0.30181
 191,  1.49219, -0.41210
 192,  1.50000, -0.46382
 193,  1.50781, -0.62921
 194,  1.51562, -0.69157
 195,  1.52344, -0.74523
 196,  1.53125, -0.64055
 197,  1.53906, -0.68221
 198,  1.54688, -0.65130
 199,  1.55469, -0.47501
 200,  1.56250, -0.52357
 201,  1.57031, -0.40018
 202,  1.57812, -0.47138
 203,  1.58594, -0.33751
 204,  1.59375, -0.40028
 205,  1.60156, -0.37738
 206,  1.60938, -0.24651
 207,  1.61719, -0.33833
 208,  1.62500, -0.34590
 209,  1.63281, -0.41511
 210,  1.64062, -0.50337
 211,  1.64844, -0.35288
 212,  1.65625, -0.25585
 213,  1.66406, -0.15715
 214,  1.67188, -0.10075
 215,  1.67969, -0.12795
 216,  1.68750, -0.18088
 217,  1.69531, -0.13802
 218,  1.70312, -0.15867
 219,  1.71094, -0.21664
 220,  1.71875, -0.25474
 221,  1.72656, -0.22984
 222,  1.73438, -0.18856
 223,  1.74219, -0.15560
 224,  1.75000, -0.15828
 225,  1.75781, -0.10530
 226,  1.76562, -0.12912
 227,  1.77344, -0.06868
 228,  1.78125, -0.15306
 229,  1.78906, -0.11008
 230,  1.79688,  0.09912
 231,  1.80469, -0.04254
 232,  1.81250, -0.02844
 233,  1.82031, -0.07155
 234,  1.82812, -0.10002
 235,  1.83594, -0.06712
 236,  1.84375, -0.02817
 237,  1.85156, -0.09645
 238,  1.85938, -0.11485
 239,  1.86719,  0.01310
 240,  1.87500,  0.17185
 241,  1.88281,  0.12460
 242,  1.89062,  0.33704
 243,  1.89844,  0.41963
 244,  1.90625,  0.33614
 245,  1.91406,  0.40881
 246,  1.92188,  0.24661
 247,  1.92969,  0.29816
 248,  1.93750,  0.30798
 249,  1.94531,  0.30919
 250,  1.95312,  0.31069
 251,  1.96094,  0.25272
 252,  1.96875,  0.30814
 253,  1.97656,  0.12157
 254,  1.98438,  0.19235
 255,  1.99219,  0.10677
 256,  2.00000,  0.12289
 257,  2.00781,  0.07004
 258,  2.01562, -0.01594
 259,  2.02344,  0.04388
 260,  2.03125, -0.02766
 261,  2.03906, -0.06075
 262,  2.04688, -0.00767
 263,  2.05469,  0.15598
 264,  2.06250,  0.18838
 265,  2.07031,  0.08135
 266,  2.07812,  0.03741
 267,  2.08594, -0.05361
 268,  2.09375, -0.07477
 269,  2.10156, -0.10126
 270,  2.10938, -0.05684
 271,  2.11719, -0.13241
 272,  2.12500, -0.20543
 273,  2.13281, -0.06530
 274,  2.14062,  0.02808
 275,  2.14844,  0.07762
 276,  2.15625,  0.12840
 277,  2.16406,  0.15589
 278,  2.17188,  0.18933
 279,  2.17969,  0.25173
 280,  2.18750,  0.27988
 281,  2.19531,  0.11333
 282,  2.20312,  0.00084
 283,  2.21094,  0.13757
 284,  2.21875,  0.07579
 285,  2.22656,  0.13453
 286,  2.23438,  0.08851
 287,  2.24219,  0.04248
 288,  2.25000,  0.01475
 289,  2.25781,  0.12116
 290,  2.26562,  0.18628
 291,  2.27344,  0.20995
 292,  2.28125,  0.22045
 293,  2.28906,  0.17580
 294,  2.29688,  0.20131
 295,  2.30469,  0.16269
 296,  2.31250,  0.20502
 297,  2.32031,  0.26693
 298,  2.32812,  0.17065
 299,  2.33594,  0.07959
 300,  2.34375,  0.04421
 301,  2.35156,  0.10559
 302,  2.35938,  0.16150
 303,  2.36719,  0.17270
 304,  2.37500,  0.08788
 305,  2.38281,  0.01971
 306,  2.39062,  0.05434
 307,  2.39844, -0.03996
 308,  2.40625, -0.08853
 309,  2.41406, -0.10497
 310,  2.42188, -0.04562
 311,  2.42969, -0.07904
 312,  2.43750, -0.02701
 313,  2.44531,  0.00244
 314,  2.45312, -0.01086
 315,  2.46094, -0.14434
 316,  2.46875, -0.21515
 317,  2.47656, -0.33371
 318,  2.48438, -0.28373
 319,  2.49219, -0.24988
 320,  2.50000, -0.11438
 321,  2.50781,  0.00310
 322,  2.51562,  0.05531
 323,  2.52344,  0.09863
 324,  2.53125,  0.09664
 325,  2.53906,  0.12829
 326,  2.54688,  0.13441
 327,  2.55469,  0.13885
 328,  2.56250,  0.08051
 329,  2.57031,  0.12841
 330,  2.57812,  0.08166
 331,  2.58594,  0.10687
 332,  2.59375,  0.14400
 333,  2.60156,  0.11534
 334,  2.60938,  0.07904
 335,  2.61719,  0.08530
 336,  2.62500, -0.00136
 337,  2.63281, -0.05938
 338,  2.64062, -0.10298
 339,  2.64844, -0.06585
 340,  2.65625, -0.17259
 341,  2.66406, -0.06149
 342,  2.67188,  0.13848
 343,  2.67969,  0.20255
 344,  2.68750,  0.20698
 345,  2.69531,  0.14264
 346,  2.70312,  0.12751
 347,  2.71094,  0.22945
 348,  2.71875,  0.20902
 349,  2.72656,  0.12158
 350,  2.73438,  0.15356
 351,  2.74219,  0.15344
 352,  2.75000,  0.30517
 353,  2.75781,  0.44277
 354,  2.76562,  0.55197
 355,  2.77344,  0.58372
 356,  2.78125,  0.58904
 357,  2.78906,  0.63005
 358,  2.79688,  0.72960
 359,  2.80469,  0.66408
 360,  2.81250,  0.55821
 361,  2.82031,  0.67132
 362,  2.82812,  0.55261
 363,  2.83594,  0.57052
 364,  2.84375,  0.72239
 365,  2.85156,  0.59480
 366,  2.85938,  0.67972
 367,  2.86719,  0.71598
 368,  2.87500,  0.77212
 369,  2.88281,  0.94458
 370,  2.89062,  0.90351
 371,  2.89844,  0.95274
 372,  2.90625,  0.83666
 373,  2.91406,  0.86431
 374,  2.92188,  0.75519
 375,  2.92969,  0.61197
 376,  2.93750,  0.69353
 377,  2.94531,  0.70105
 378,  2.95312,  0.80800
 379,  2.96094,  0.85052
 380,  2.96875,  0.81518
 381,  2.97656,  0.77513
 382,  2.98438,  0.93331
 383,  2.99219,  0.91582
 384,  3.00000,  0.89412
 385,  3.00781,  0.83161
 386,  3.01562,  0.66463
 387,  3.02344,  0.51377
 388,  3.03125,  0.39765
 389,  3.03906,  0.29575
 390,  3.04688,  0.37204
 391,  3.05469,  0.29250
 392,  3.06250,  0.42888
 393,  3.07031,  0.50444
 394,  3.07812,  0.26115
 395,  3.08594,  0.30340
 396,  3.09375,  0.22292
 397,  3.10156,  0.35583
 398,  3.10938,  0.29115
 399,  3.11719,  0.24500
 400,  3.12500,  0.18608
 401,  3.13281,  0.22284
 402,  3.14062,  0.25699
 403,  3.14844,  0.29771
 404,  3.15625,  0.44990
 405,  3.16406,  0.48349
 406,  3.17188,  0.60659
 407,  3.17969,  0.46020
 408,  3.18750,  0.58536
 409,  3.19531,  0.49778
 410,  3.20312,  0.51457
 411,  3.21094,  0.58569
 412,  3.21875,  0.66092
 413,  3.22656,  0.90736
 414,  3.23438,  0.99469
 415,  3.24219,  0.95951
 416,  3.25000,  0.81335
 417,  3.25781,  0.77053
 418,  3.26562,  0.72789
 419,  3.27344,  0.78850
 420,  3.28125,  0.79967
 421,  3.28906,  0.75284
 422,  3.29688,  0.79130
 423,  3.30469,  0.85060
 424,  3.31250,  0.75370
 425,  3.32031,  0.82516
 426,  3.32812,  0.78322
 427,  3.33594,  0.71014
 428,  3.34375,  0.71430
 429,  3.35156,  0.66821
 430,  3.35938,  0.54214
 431,  3.36719,  0.65855
 432,  3.37500,  0.71266
 433,  3.38281,  0.62783
 434,  3.39062,  0.52778
 435,  3.39844,  0.57887
 436,  3.40625,  0.63661
 437,  3.41406,  0.49972
 438,  3.42188,  0.60641
 439,  3.42969,  0.60827
 440,  3.43750,  0.48601
 441,  3.44531,  0.49103
 442,  3.45312,  0.45854
 443,  3.46094,  0.43460
 444,  3.46875,  0.54972
 445,  3.47656,  0.61188
 446,  3.48438,  0.54581
 447,  3.49219,  0.65542
 448,  3.50000,  0.52973
 449,  3.50781,  0.65039
 450,  3.51562,  0.78353
 451,  3.52344,  0.67420
 452,  3.53125,  0.57986
 453,  3.53906,  0.61164
 454,  3.54688,  0.74358
 455,  3.55469,  0.63563
 456,  3.56250,  0.65019
 457,  3.57031,  0.73979
 458,  3.57812,  0.52186
 459,  3.58594,  0.38698
 460,  3.59375,  0.44971
 461,  3.60156,  0.52906
 462,  3.60938,  0.62849
 463,  3.61719,  0.49451
 464,  3.62500,  0.50265
 465,  3.63281,  0.45089
 466,  3.64062,  0.54833
 467,  3.64844,  0.64145
 468,  3.65625,  0.63152
 469,  3.66406,  0.55240
 470,  3.67188,  0.45293
 471,  3.67969,  0.44147
 472,  3.68750,  0.71267
 473,  3.69531,  0.65477
 474,  3.70312,  0.52869
 475,  3.71094,  0.43007
 476,  3.71875,  0.53243
 477,  3.72656,  0.52564
 478,  3.73438,  0.56074
 479,  3.74219,  0.46378
 480,  3.75000,  0.35965
 481,  3.75781,  0.25232
 482,  3.76562,  0.31004
 483,  3.77344,  0.46244
 484,  3.78125,  0.43135
 485,  3.78906,  0.48252
 486,  3.79688,  0.60735
 487,  3.80469,  0.77885
 488,  3.81250,  0.89520
 489,  3.82031,  0.91320
 490,  3.82812,  0.94545
 491,  3.83594,  1.00710
 492,  3.84375,  1.10029
 493,  3.85156,  1.17904
 494,  3.85938,  1.03676
 495,  3.86719,  1.04933
 496,  3.87500,  1.12566
 497,  3.88281,  1.13412
 498,  3.89062,  1.16817
 499,  3.89844,  1.09956
 500,  3.90625,  1.05831
 501,  3.91406,  1.02405
 502,  3.92188,  0.85154
 503,  3.92969,  1.02630
 504,  3.93750,  0.96895
 505,  3.94531,  1.00948
 506,  3.95312,  1.04928
 507,  3.96094,  1.09624
 508,  3.96875,  1.25465
 509,  3.97656,  1.13452
 510,  3.98438,  1.05784
 511,  3.99219,  1.05107
 512,  4.00000,  0.95541
 513,  4.00781,  0.90825
 514,  4.01562,  0.94892
 515,  4.02344,  1.06224
 516,  4.03125,  1.04250
 517,  4.03906,  0.98014
 518,  4.04688,  1.04704
 519,  4.05469,  1.17557
 520,  4.06250,  1.00184
 521,  4.07031,  1.00213
 522,  4.07812,  1.06559
 523,  4.08594,  1.01664
 524,  4.09375,  1.01433
 525,  4.10156,  1.04980
 526,  4.10938,  0.97230
 527,  4.11719,  1.04469
 528,  4.12500,  1.03334
 529,  4.13281,  0.95911
 530,  4.14062,  1.00384
 531,  4.14844,  1.01209
 532,  4.15625,  0.99833
 533,  4.16406,  1.05483
 534,  4.17188,  1.04738
 535,  4.17969,  1.01678
 536,  4.18750,  0.87019
 537,  4.19531,  0.89032
 538,  4.20312,  0.90093
 539,  4.21094,  0.97014
 540,  4.21875,  0.87125
 541,  4.22656,  0.89677
 542,  4.23438,  0.76034
 543,  4.24219,  0.75661
 544,  4.25000,  0.71255
 545,  4.25781,  0.89140
 546,  4.26562,  0.82145
 547,  4.27344,  0.79159
 548,  4.28125,  0.90438
 549,  4.28906,  0.76856
 550,  4.29688,  0.76914
 551,  4.30469,  0.80786
 552,  4.31250,  0.80244
 553,  4.32031,  0.76957
 554,  4.32812,  0.76467
 555,  4.33594,  0.73394
 556,  4.34375,  0.79395
 557,  4.35156,  0.65963
 558,  4.35938,  0.48405
 559,  4.36719,  0.34573
 560,  4.37500,  0.41526
 561,  4.38281,  0.53591
 562,  4.39062,  0.52516
 563,  4.39844,  0.46996
 564,  4.40625,  0.35426
 565,  4.41406,  0.35565
 566,  4.42188,  0.31202
 567,  4.42969,  0.18630
 568,  4.43750,  0.25497
 569,  4.44531,  0.23100
 570,  4.45312,  0.23282
 571,  4.46094,  0.06410
 572,  4.46875,  0.06293
 573,  4.47656,  0.12108
 574,  4.48438,  0.08082
 575,  4.49219,  0.13283
 576,  4.50000,  0.09118
 577,  4.50781,  0.12942
 578,  4.51562,  0.01935
 579,  4.52344,  0.00347
 580,  4.53125, -0.03629
 581,  4.53906, -0.02231
 582,  4.54688, -0.13713
 583,  4.55469, -0.12108
 584,  4.56250, -0.19146
 585,  4.57031, -0.19884
 586,  4.57812, -0.11661
 587,  4.58594, -0.06519
 588,  4.59375, -0.01041
 589,  4.60156, -0.13359
 590,  4.60938, -0.08715
 591,  4.61719, -0.06815
 592,  4.62500, -0.24340
 593,  4.63281, -0.24002
 594,  4.64062, -0.21820
 595,  4.64844, -0.28492
 596,  4.65625, -0.19057
 597,  4.66406, -0.19453
 598,  4.67188, -0.10967
 599,  4.67969, -0.20046
 600,  4.68750, -0.18600
 601,  4.69531, -0.18305
 602,  4.70312, -0.29681
 603,  4.71094, -0.29082
 604,  4.71875, -0.23029
 605,  4.72656, -0.25048
 606,  4.73438, -0.07914
 607,  4.74219,  0.06819
 608,  4.75000,  0.09783
 609,  4.75781,  0.10368
 610,  4.76562,  0.00262
 611,  4.77344, -0.03766
 612,  4.78125, -0.07191
 613,  4.78906, -0.05942
 614,  4.79688, -0.03407
 615,  4.80469, -0.05554
 616,  4.81250,  0.04239
 617,  4.82031, -0.09551
 618,  4.82812, -0.05688
 619,  4.83594,  0.02623
 620,  4.84375,  0.11013
 621,  4.85156,  0.07686
 622,  4.85938, -0.01917
 623,  4.86719, -0.08568
 624,  4.87500,  0.04184
 625,  4.88281, -0.02358
 626,  4.89062, -0.03009
 627,  4.89844,  0.01304
 628,  4.90625,  0.03051
 629,  4.91406,  0.09934
 630,  4.92188,  0.22454
 631,  4.92969,  0.23695
 632,  4.93750,  0.19687
 633,  4.94531,  0.25347
 634,  4.95312,  0.21598
 635,  4.96094,  0.37815
 636,  4.96875,  0.48155
 637,  4.97656,  0.48447
 638,  4.98438,  0.54266
 639,  4.99219,  0.49025
 640,  5.00000,  0.51961
 641,  5.00781,  0.61442
 642,  5.01562,  0.64578
 643,  5.02344,  0.57200
 644,  5.03125,  0.62482
 645,  5.03906,  0.66730
 646,  5.04688,  0.70920
 647,  5.05469,  0.66204
 648,  5.06250,  0.56595
 649,  5.07031,  0.54744
 650,  5.07812,  0.49542
 651,  5.08594,  0.50037
 652,  5.09375,  0.73713
 653,  5.10156,  0.79622
 654,  5.10938,  0.85594
 655,  5.11719,  0.87156
 656,  5.12500,  1.00244
 657,  5.13281,  0.90224
 658,  5.14062,  0.69601
 659,  5.14844,  0.75659
 660,  5.15625,  0.78979
 661,  5.16406,  0.72593
 662,  5.17188,  0.75360
 663,  5.17969,  0.87956
 664,  5.18750,  0.84410
 665,  5.19531,  0.70293
 666,  5.20312,  0.82193
 667,  5.21094,  0.94613
 668,  5.21875,  0.88672
 669,  5.22656,  0.85144
 670,  5.23438,  0.68695
 671,  5.24219,  0.66471
 672,  5.25000,  0.47944
 673,  5.25781,  0.59816
 674,  5.26562,  0.64582
 675,  5.27344,  0.62661
 676,  5.28125,  0.60809
 677,  5.28906,  0.66452
 678,  5.29688,  0.67680
 679,  5.30469,  0.76901
 680,  5.31250,  0.71686
 681,  5.32031,  0.70907
 682,  5.32812,  0.62515
 683,  5.33594,  0.59376
 684,  5.34375,  0.55903
 685,  5.35156,  0.49372
 686,  5.35938,  0.49411
 687,  5.36719,  0.55505
 688,  5.37500,  0.84625
 689,  5.38281,  0.84390
 690,  5.39062,  0.86483
 691,  5.39844,  0.96674
 692,  5.40625,  0.94749
 693,  5.41406,  0.89336
 694,  5.42188,  1.05790
 695,  5.42969,  1.05309
 696,  5.43750,  1.07956
 697,  5.44531,  1.04316
 698,  5.45312,  1.02422
 699,  5.46094,  0.98067
 700,  5.46875,  1.04941
 701,  5.47656,  0.95832
 702,  5.48438,  0.95998
 703,  5.49219,  0.88294
 704,  5.50000,  0.82359
 705,  5.50781,  0.87199
 706,  5.51562,  0.89698
 707,  5.52344,  0.86196
 708,  5.53125,  0.77034
 709,  5.53906,  0.59050
 710,  5.54688,  0.56902
 711,  5.55469,  0.68995
 712,  5.56250,  0.70319
 713,  5.57031,  0.70639
 714,  5.57812,  0.89080
 715,  5.58594,  0.72723
 716,  5.59375,  0.61330
 717,  5.60156,  0.64739
 718,  5.60938,  0.60875
 719,  5.61719,  0.50553
 720,  5.62500,  0.47359
 721,  5.63281,  0.42248
 722,  5.64062,  0.41924
 723,  5.64844,  0.34717
 724,  5.65625,  0.21441
 725,  5.66406,  0.10811
 726,  5.67188,  0.06950
 727,  5.67969,  0.16516
 728,  5.68750,  0.10485
 729,  5.69531,  0.08260
 730,  5.70312,  0.19513
 731,  5.71094,  0.22174
 732,  5.71875,  0.19765
 733,  5.72656,  0.14725
 734,  5.73438,  0.14843
 735,  5.74219,  0.16472
 736,  5.75000,  0.23429
 737,  5.75781,  0.14213
 738,  5.76562,  0.05685
 739,  5.77344,  0.11546
 740,  5.78125,  0.08202
 741,  5.78906, -0.07066
 742,  5.79688, -0.05288
 743,  5.80469, -0.13733
 744,  5.81250, -0.11273
 745,  5.82031, -0.18834
 746,  5.82812, -0.15954
 747,  5.83594, -0.19005
 748,  5.84375, -0.13832
 749,  5.85156, -0.15832
 750,  5.85938, -0.17279
 751,  5.86719, -0.10430
 752,  5.87500, -0.04746
 753,  5.88281,  0.00746
 754,  5.89062,  0.09633
 755,  5.89844,  0.03393
 756,  5.90625,  0.02882
 757,  5.91406,  0.15256
 758,  5.92188,  0.18117
 759,  5.92969,  0.16265
 760,  5.93750,  0.25322
 761,  5.94531,  0.20177
 762,  5.95312,  0.21856
 763,  5.96094,  0.39973
 764,  5.96875,  0.56215
 765,  5.97656,  0.33345
 766,  5.98438,  0.43243
 767,  5.99219,  0.50321
 768,  6.00000,  0.31773
 769,  6.00781,  0.08307
 770,  6.01562,  0.07043
 771,  6.02344, -0.14141
 772,  6.03125, -0.11329
 773,  6.03906, -0.23074
 774,  6.04688, -0.25919
 775,  6.05469, -0.22963
 776,  6.06250, -0.15670
 777,  6.07031, -0.03118
 778,  6.07812, -0.08986
 779,  6.08594,  0.04790
 780,  6.09375,  0.04971
 781,  6.10156,  0.16883
 782,  6.10938,  0.16515
 783,  6.11719,  0.23546
 784,  6.12500,  0.15940
 785,  6.13281,  0.18663
 786,  6.14062,  0.17965
 787,  6.14844,  0.27269
 788,  6.15625,  0.31892
 789,  6.16406,  0.26368
 790,  6.17188,  0.29500
 791,  6.17969,  0.27032
 792,  6.18750,  0.36107
 793,  6.19531,  0.38713
 794,  6.20312,  0.52741
 795,  6.21094,  0.42631
 796,  6.21875,  0.50224
 797,  6.22656,  0.65047
 798,  6.23438,  0.75950
 799,  6.24219,  0.76257
 800,  6.25000,  0.79210
 801,  6.25781,  0.90034
 802,  6.26562,  1.00667
 803,  6.27344,  0.93577
 804,  6.28125,  0.95501
 805,  6.28906,  0.93725
 806,  6.29688,  0.87027
 807,  6.30469,  0.77536
 808,  6.31250,  0.77496
 809,  6.32031,  0.76091
 810,  6.32812,  0.84395
 811,  6.33594,  0.88277
 812,  6.34375,  0.88347
 813,  6.35156,  0.87787
 814,  6.35938,  0.78008
 815,  6.36719,  0.68537
 816,  6.37500,  0.66872
 817,  6.38281,  0.66193
 818,  6.39062,  0.72706
 819,  6.39844,  0.73389
 820,  6.40625,  0.80921
 821,  6.41406,  0.98221
 822,  6.42188,  1.05977
 823,  6.42969,  1.09145
 824,  6.43750,  1.00064
 825,  6.44531,  1.05758
 826,  6.45312,  0.94896
 827,  6.46094,  0.92609
 828,  6.46875,  0.72407
 829,  6.47656,  0.67480
 830,  6.48438,  0.77390
 831,  6.49219,  0.86560
 832,  6.50000,  0.83625
 833,  6.50781,  0.90404
 834,  6.51562,  0.94961
 835,  6.52344,  1.01330
 836,  6.53125,  0.92888
 837,  6.53906,  0.87423
 838,  6.54688,  0.82955
 839,  6.55469,  0.87398
 840,  6.56250,  0.80052
 841,  6.57031,  0.71816
 842,  6.57812,  0.80525
 843,  6.58594,  0.80354
 844,  6.59375,  0.91614
 845,  6.60156,  0.94434
 846,  6.60938,  0.91851
 847,  6.61719,  0.76303
 848,  6.62500,  0.78586
 849,  6.63281,  0.68300
 850,  6.64062,  0.63760
 851,  6.64844,  0.66041
 852,  6.65625,  0.67962
 853,  6.66406,  0.68760
 854,  6.67188,  0.69601
 855,  6.67969,  0.51392
 856,  6.68750,  0.50293
 857,  6.69531,  0.41992
 858,  6.70312,  0.50837
 859,  6.71094,  0.63012
 860,  6.71875,  0.71179
 861,  6.72656,  0.72326
 862,  6.73438,  0.83871
 863,  6.74219,  0.72712
 864,  6.75000,  0.79905
 865,  6.75781,  0.80479
 866,  6.76562,  0.79896
 867,  6.77344,  0.75318
 868,  6.78125,  0.62991
 869,  6.78906,  0.53646
 870,  6.79688,  0.66106
 871,  6.80469,  0.54757
 872,  6.81250,  0.42347
 873,  6.82031,  0.34310
 874,  6.82812,  0.21125
 875,  6.83594,  0.22187
 876,  6.84375,  0.17680
 877,  6.85156,  0.13411
 878,  6.85938,  0.20951
 879,  6.86719,  0.12836
 880,  6.87500,  0.06568
 881,  6.88281, -0.02259
 882,  6.89062, -0.06178
 883,  6.89844, -0.10882
 884,  6.90625,  0.08691
 885,  6.91406,  0.18006
 886,  6.92188,  0.13971
 887,  6.92969,  0.10505
 888,  6.93750,  0.09928
 889,  6.94531,  0.14694
 890,  6.95312,  0.17607
 891,  6.96094,  0.20774
 892,  6.96875,  0.19537
 893,  6.97656,  0.23811
 894,  6.98438,  0.26146
 895,  6.99219,  0.20905
 896,  7.00000,  0.23640
 897,  7.00781,  0.24041
 898,  7.01562,  0.16606
 899,  7.02344,  0.09392
 900,  7.03125,  0.06334
 901,  7.03906,  0.15596
 902,  7.04688,  0.04493
 903,  7.05469, -0.00128
 904,  7.06250,  0.02620
 905,  7.07031, -0.01491
 906,  7.07812,  0.10841
 907,  7.08594,  0.17313
 908,  7.09375,  0.20994
 909,  7.10156,  0.18629
 910,  7.10938,  0.24971
 911,  7.11719,  0.19184
 912,  7.12500,  0.32436
 913,  7.13281,  0.37962
 914,  7.14062,  0.40966
 915,  7.14844,  0.15194
 916,  7.15625,  0.09625
 917,  7.16406,  0.08615
 918,  7.17188,  0.09980
 919,  7.17969,  0.17827
 920,  7.18750,  0.23499
 921,  7.19531,  0.21988
 922,  7.20312,  0.18447
 923,  7.21094,  0.16806
 924,  7.21875,  0.22627
 925,  7.22656,  0.35485
 926,  7.23438,  0.31352
 927,  7.24219,  0.39830
 928,  7.25000,  0.31242
 929,  7.25781,  0.37483
 930,  7.26562,  0.29604
 931,  7.27344,  0.21555
 932,  7.28125,  0.17630
 933,  7.28906,  0.13863
 934,  7.29688,  0.08186
 935,  7.30469,  0.11804
 936,  7.31250,  0.04208
 937,  7.32031, -0.00663
 938,  7.32812, -0.05700
 939,  7.33594, -0.07169
 940,  7.34375, -0.16753
 941,  7.35156, -0.24295
 942,  7.35938, -0.29339
 943,  7.36719, -0.11568
 944,  7.37500, -0.02169
 945,  7.38281,  0.00286
 946,  7.39062, -0.00634
 947,  7.39844, -0.05703
 948,  7.40625, -0.28271
 949,  7.41406, -0.14086
 950,  7.42188, -0.01178
 951,  7.42969, -0.15357
 952,  7.43750, -0.24025
 953,  7.44531, -0.16509
 954,  7.45312, -0.23691
 955,  7.46094, -0.26833
 956,  7.46875, -0.27068
 957,  7.47656, -0.32403
 958,  7.48438, -0.30070
 959,  7.49219, -0.17812
 960,  7.50000, -0.16491
 961,  7.50781, -0.27651
 962,  7.51562, -0.41298
 963,  7.52344, -0.43333
 964,  7.53125, -0.56057
 965,  7.53906, -0.56357
 966,  7.54688, -0.54784
 967,  7.55469, -0.56418
 968,  7.56250, -0.53271
 969,  7.57031, -0.55383
 970,  7.57812, -0.49569
 971,  7.58594, -0.63579
 972,  7.59375, -0.74806
 973,  7.60156, -0.79903
 974,  7.60938, -0.78738
 975,  7.61719, -0.81647
 976,  7.62500, -0.72815
 977,  7.63281, -0.65128
 978,  7.64062, -0.50960
 979,  7.64844, -0.46612
 980,  7.65625, -0.39683
 981,  7.66406, -0.50361
 982,  7.67188, -0.47304
 983,  7.67969, -0.34308
 984,  7.68750, -0.42846
 985,  7.69531, -0.46023
 986,  7.70312, -0.58482
 987,  7.71094, -0.48300
 988,  7.71875, -0.43044
 989,  7.72656, -0.42573
 990,  7.73438, -0.54454
 991,  7.74219, -0.39907
 992,  7.75000, -0.47672
 993,  7.75781, -0.36414
 994,  7.76562, -0.46694
 995,  7.77344, -0.38780
 996,  7.78125, -0.41047
 997,  7.78906, -0.30198
 998,  7.79688, -0.25514
 999,  7.80469, -0.22185
1000,  7.81250, -0.17039
1001,  7.82031, -0.08907
1002,  7.82812, -0.17120
1003,  7.83594, -0.15364
1004,  7.84375, -0.04431
1005,  7.85156, -0.12737
1006,  7.85938, -0.10260
1007,  7.86719, -0.19513
1008,  7.87500, -0.32515
1009,  7.88281, -0.27109
1010,  7.89062, -0.19177
1011,  7.89844, -0.16593
1012,  7.90625, -0.14794
1013,  7.91406, -0.15254
1014,  7.92188,  0.01453
1015,  7.92969, -0.04906
1016,  7.93750, -0.10975
1017,  7.94531, -0.19805
1018,  7.95312, -0.16051
1019,  7.96094, -0.01618
1020,  7.96875,  0.14691
1021,  7.97656,  0.13537
1022,  7.98438,  0.26745
1023,  7.99219,  0.33782
1024,  8.00000,  0.38510
1025,  8.00781,  0.50842
1026,  8.01562,  0.61914
1027,  8.02344,  0.45507
1028,  8.03125,  0.45045
1029,  8.03906,  0.45022
1030,  8.04688,  0.46327
1031,  8.05469,  0.57964
1032,  8.06250,  0.48813
1033,  8.07031,  0.58301
1034,  8.07812,  0.66828
1035,  8.08594,  0.80825
1036,  8.09375,  0.76184
1037,  8.10156,  0.80330
1038,  8.10938,  0.80824
1039,  8.11719,  0.78793
1040,  8.12500,  0.77264
1041,  8.13281,  0.83723
1042,  8.14062,  0.82453
1043,  8.14844,  0.78287
1044,  8.15625,  0.75479
1045,  8.16406,  0.68875
1046,  8.17188,  0.61236
1047,  8.17969,  0.57576
1048,  8.18750,  0.51024
1049,  8.19531,  0.47716
1050,  8.20312,  0.55200
1051,  8.21094,  0.58957
1052,  8.21875,  0.62922
1053,  8.22656,  0.49246
1054,  8.23438,  0.58746
1055,  8.24219,  0.40595
1056,  8.25000,  0.49675
1057,  8.25781,  0.64494
1058,  8.26562,  0.52949
1059,  8.27344,  0.44292
1060,  8.28125,  0.46377
1061,  8.28906,  0.29533
1062,  8.29688,  0.23331
1063,  8.30469,  0.18857
1064,  8.31250,  0.20637
1065,  8.32031,  0.19740
1066,  8.32812,  0.21642
1067,  8.33594,  0.05995
1068,  8.34375,  0.16309
1069,  8.35156,  0.17217
1070,  8.35938,  0.12181
1071,  8.36719,  0.11309
1072,  8.37500, -0.00751
1073,  8.38281,  0.01088
1074,  8.39062,  0.01624
1075,  8.39844, -0.07790
1076,  8.40625, -0.06481
1077,  8.41406, -0.01760
1078,  8.42188,  0.06957
1079,  8.42969,  0.05817
1080,  8.43750,  0.11961
1081,  8.44531,  0.18751
1082,  8.45312,  0.20649
1083,  8.46094,  0.29982
1084,  8.46875,  0.26584
1085,  8.47656,  0.36312
1086,  8.48438,  0.32762
1087,  8.49219,  0.33783
1088,  8.50000,  0.29790
1089,  8.50781,  0.34634
1090,  8.51562,  0.45709
1091,  8.52344,  0.48262
1092,  8.53125,  0.51253
1093,  8.53906,  0.45789
1094,  8.54688,  0.45761
1095,  8.55469,  0.40601
1096,  8.56250,  0.42534
1097,  8.57031,  0.32248
1098,  8.57812,  0.21945
1099,  8.58594,  0.20336
1100,  8.59375,  0.14472
1101,  8.60156,  0.10016
1102,  8.60938,  0.10612
1103,  8.61719,  0.18706
1104,  8.62500,  0.11108
1105,  8.63281, -0.01214
1106,  8.64062,  0.05765
1107,  8.64844, -0.06844
1108,  8.65625,  0.04170
1109,  8.66406,  0.12900
1110,  8.67188,  0.27338
1111,  8.67969,  0.29373
1112,  8.68750,  0.27838
1113,  8.69531,  0.34704
1114,  8.70312,  0.30772
1115,  8.71094,  0.35641
1116,  8.71875,  0.31603
1117,  8.72656,  0.41153
1118,  8.73438,  0.51839
1119,  8.74219,  0.61025
1120,  8.75000,  0.62170
1121,  8.75781,  0.61591
1122,  8.76562,  0.49978
1123,  8.77344,  0.50109
1124,  8.78125,  0.59238
1125,  8.78906,  0.42636
1126,  8.79688,  0.47860
1127,  8.80469,  0.54782
1128,  8.81250,  0.48956
1129,  8.82031,  0.63652
1130,  8.82812,  0.74482
1131,  8.83594,  0.81482
1132,  8.84375,  0.90137
1133,  8.85156,  0.94942
1134,  8.85938,  0.83004
1135,  8.86719,  0.73519
1136,  8.87500,  0.86253
1137,  8.88281,  0.85992
1138,  8.89062,  0.85748
1139,  8.89844,  0.76859
1140,  8.90625,  0.83488
1141,  8.91406,  0.90389
1142,  8.92188,  1.03547
1143,  8.92969,  1.07705
1144,  8.93750,  1.10385
1145,  8.94531,  1.05543
1146,  8.95312,  0.93711
1147,  8.96094,  0.83947
1148,  8.96875,  0.90338
1149,  8.97656,  0.97208
1150,  8.98438,  1.02593
1151,  8.99219,  0.91368
1152,  9.00000,  1.05106
1153,  9.00781,  1.03747
1154,  9.01562,  0.91076
1155,  9.02344,  1.10709
1156,  9.03125,  1.09453
1157,  9.03906,  1.10002
1158,  9.04688,  1.23974
1159,  9.05469,  1.25492
1160,  9.06250,  1.11146
1161,  9.07031,  1.08653
1162,  9.07812,  1.23281
1163,  9.08594,  1.16026
1164,  9.09375,  1.07615
1165,  9.10156,  1.08098
1166,  9.10938,  1.08280
1167,  9.11719,  1.15725
1168,  9.12500,  1.13897
1169,  9.13281,  1.40275
1170,  9.14062,  1.40037
1171,  9.14844,  1.55240
1172,  9.15625,  1.39152
1173,  9.16406,  1.24210
1174,  9.17188,  1.17874
1175,  9.17969,  1.04321
1176,  9.18750,  1.02591
1177,  9.19531,  1.22862
1178,  9.20312,  1.36927
1179,  9.21094,  1.26054
1180,  9.21875,  1.32714
1181,  9.22656,  1.31591
1182,  9.23438,  1.24982
1183,  9.24219,  1.29653
1184,  9.25000,  1.31329
1185,  9.25781,  1.38728
1186,  9.26562,  1.47405
1187,  9.27344,  1.43904
1188,  9.28125,  1.54895
1189,  9.28906,  1.57112
1190,  9.29688,  1.45613
1191,  9.30469,  1.45887
1192,  9.31250,  1.50302
1193,  9.32031,  1.39620
1194,  9.32812,  1.53838
1195,  9.33594,  1.56109
1196,  9.34375,  1.60843
1197,  9.35156,  1.73375
1198,  9.35938,  1.63683
1199,  9.36719,  1.67727
1200,  9.37500,  1.77987
1201,  9.38281,  1.79335
1202,  9.39062,  1.67817
1203,  9.39844,  1.56449
1204,  9.40625,  1.67790
1205,  9.41406,  1.69139
1206,  9.42188,  1.64125
1207,  9.42969,  1.70958
1208,  9.43750,  1.64670
1209,  9.44531,  1.61371
1210,  9.45312,  1.62688
1211,  9.46094,  1.62696
1212,  9.46875,  1.65802
1213,  9.47656,  1.73588
1214,  9.48438,  1.84778
1215,  9.49219,  1.92385
1216,  9.50000,  1.93267
1217,  9.50781,  2.13443
1218,  9.51562,  2.10675
1219,  9.52344,  1.91526
1220,  9.53125,  1.93191
1221,  9.53906,  1.89264
1222,  9.54688,  1.97420
1223,  9.55469,  1.99405
1224,  9.56250,  1.94622
1225,  9.57031,  1.80133
1226,  9.57812,  1.68625
1227,  9.58594,  1.71437
1228,  9.59375,  1.74740
1229,  9.60156,  1.87834
1230,  9.60938,  1.90591
1231,  9.61719,  1.95791
1232,  9.62500,  1.93243
1233,  9.63281,  1.87591
1234,  9.64062,  2.01282
1235,  9.64844,  2.00528
1236,  9.65625,  2.02842
1237,  9.66406,  1.95870
1238,  9.67188,  1.96862
1239,  9.67969,  1.91903
1240,  9.68750,  1.98149
1241,  9.69531,  1.94031
1242,  9.70312,  1.95844
1243,  9.71094,  2.07384
1244,  9.71875,  2.04269
1245,  9.72656,  2.18336
1246,  9.73438,  2.10930
1247,  9.74219,  2.14815
1248,  9.75000,  2.41646
1249,  9.75781,  2.40479
1250,  9.76562,  2.36782
1251,  9.77344,  2.33418
1252,  9.78125,  2.33575
1253,  9.78906,  2.41814
1254,  9.79688,  2.39490
1255,  9.80469,  2.28820
1256,  9.81250,  2.30579
1257,  9.82031,  2.41202
1258,  9.82812,  2.47926
1259,  9.83594,  2.57254
1260,  9.84375,  2.41573
1261,  9.85156,  2.35496
1262,  9.85938,  2.24872
1263,  9.86719,  2.16375
1264,  9.87500,  2.18193
1265,  9.88281,  1.97631
1266,  9.89062,  1.99548
1267,  9.89844,  2.08837
1268,  9.90625,  2.13879
1269,  9.91406,  2.09781
1270,  9.92188,  2.14977
1271,  9.92969,  2.08853
1272,  9.93750,  2.15357
1273,  9.94531,  2.27672
1274,  9.95312,  2.25391
1275,  9.96094,  2.31374
1276,  9.96875,  2.44628
1277,  9.97656,  2.33415
1278,  9.98438,  2.16266
1279,  9.99219,  2.07151
1280, 10.00000,  2.16992
1281, 10.00781,  2.17806
1282, 10.01562,  2.28834
1283, 10.02344,  2.40117
1284, 10.03125,  2.23750
1285, 10.03906,  2.27547
1286, 10.04688,  2.18115
1287, 10.05469,  2.06996
1288, 10.06250,  2.08633
1289, 10.07031,  2.10637
1290, 10.07812,  2.22208
1291, 10.08594,  2.13811
1292, 10.09375,  2.03168
1293, 10.10156,  2.04518
1294, 10.10938,  2.18927
1295, 10.11719,  2.26955
1296, 10.12500,  2.31085
1297, 10.13281,  2.21295
1298, 10.14062,  2.40800
1299, 10.14844,  2.56595
1300, 10.15625,  2.47573
1301, 10.16406,  2.46867
1302, 10.17188,  2.33759
1303, 10.17969,  2.54935
1304, 10.18750,  2.61873
1305, 10.19531,  2.56669
1306, 10.20312,  2.51013
1307, 10.21094,  2.64801
1308, 10.21875,  2.62943
1309, 10.22656,  2.49888
1310, 10.23438,  2.44454
1311, 10.24219,  2.42023
1312, 10.25000,  2.44361
1313, 10.25781,  2.46050
1314, 10.26562,  2.50317
1315, 10.27344,  2.59980
1316, 10.28125,  2.79428
1317, 10.28906,  2.77250
1318, 10.29688,  2.78339
1319, 10.30469,  2.85282
1320, 10.31250,  2.83428
1321, 10.32031,  2.66686
1322, 10.32812,  2.72525
1323, 10.33594,  2.74914
1324, 10.34375,  2.84176
1325, 10.35156,  2.94020
1326, 10.35938,  2.91142
1327, 10.36719,  2.90319
1328, 10.37500,  2.92971
1329, 10.38281,  2.94864
1330, 10.39062,  2.91151
1331, 10.39844,  3.01666
1332, 10.40625,  2.96878
1333, 10.41406,  2.97461
1334, 10.42188,  2.84306
1335, 10.42969,  2.90675
1336, 10.43750,  2.83694
1337, 10.44531,  2.81091
1338, 10.45312,  2.78251
1339, 10.46094,  2.75284
1340, 10.46875,  2.66903
1341, 10.47656,  2.56662
1342, 10.48438,  2.67859
1343, 10.49219,  2.74469
1344, 10.50000,  2.69580
1345, 10.50781,  2.59512
1346, 10.51562,  2.60189
1347, 10.52344,  2.61961
1348, 10.53125,  2.62265
1349, 10.53906,  2.55833
1350, 10.54688,  2.47680
1351, 10.55469,  2.41244
1352, 10.56250,  2.39822
1353, 10.57031,  2.34153
1354, 10.57812,  2.30593
1355, 10.58594,  2.42245
1356, 10.59375,  2.41881
1357, 10.60156,  2.47189
1358, 10.60938,  2.47261
1359, 10.61719,  2.52585
1360, 10.62500,  2.72342
1361, 10.63281,  2.87652
1362, 10.64062,  2.93288
1363, 10.64844,  2.72235
1364, 10.65625,  2.90533
1365, 10.66406,  2.83229
1366, 10.67188,  2.67937
1367, 10.67969,  2.72155
1368, 10.68750,  2.69662
1369, 10.69531,  2.72608
1370, 10.70312,  2.60520
1371, 10.71094,  2.48900
1372, 10.71875,  2.49385
1373, 10.72656,  2.44560
1374, 10.73438,  2.50962
1375, 10.74219,  2.39868
1376, 10.75000,  2.47564
1377, 10.75781,  2.35032
1378, 10.76562,  2.30531
1379, 10.77344,  2.31776
1380, 10.78125,  2.40155
1381, 10.78906,  2.34961
1382, 10.79688,  2.38328
1383, 10.80469,  2.30790
1384, 10.81250,  2.36456
1385, 10.82031,  2.37480
1386, 10.82812,  2.24385
1387, 10.83594,  2.25408
1388, 10.84375,  2.28868
1389, 10.85156,  2.28897
1390, 10.85938,  2.33268
1391, 10.86719,  2.25698
1392, 10.87500,  2.30899
1393, 10.88281,  2.24074
1394, 10.89062,  2.27460
1395, 10.89844,  2.31603
1396, 10.90625,  2.23231
1397, 10.91406,  2.12652
1398, 10.92188,  2.13362
1399, 10.92969,  2.13189
1400, 10.93750,  2.35489
1401, 10.94531,  2.34459
1402, 10.95312,  2.47260
1403, 10.96094,  2.46237
1404, 10.96875,  2.43135
1405, 10.97656,  2.41896
1406, 10.98438,  2.52424
1407, 10.99219,  2.45106
1408, 11.00000,  2.47513
1409, 11.00781,  2.40569
1410, 11.01562,  2.43335
1411, 11.02344,  2.41042
1412, 11.03125,  2.33870
1413, 11.03906,  2.21595
1414, 11.04688,  2.34439
1415, 11.05469,  2.38796
1416, 11.06250,  2.38514
1417, 11.07031,  2.46249
1418, 11.07812,  2.30043
1419, 11.08594,  2.18377
1420, 11.09375,  2.08996
1421, 11.10156,  2.04192
1422, 11.10938,  1.82809
1423, 11.11719,  1.81301
1424, 11.12500,  1.85912
1425, 11.13281,  1.76967
1426, 11.14062,  1.76452
1427, 11.14844,  1.54696
1428, 11.15625,  1.67859
1429, 11.16406,  1.84509
1430, 11.17188,  1.79884
1431, 11.17969,  1.75038
1432, 11.18750,  1.76897
1433, 11.19531,  1.91057
1434, 11.20312,  1.91446
1435, 11.21094,  1.84040
1436, 11.21875,  1.81511
1437, 11.22656,  1.88325
1438, 11.23438,  1.94940
1439, 11.24219,  1.98194
1440, 11.25000,  2.05908
1441, 11.25781,  1.98544
1442, 11.26562,  2.07731
1443, 11.27344,  2.14385
1444, 11.28125,  2.00291
1445, 11.28906,  2.02839
1446, 11.29688,  1.77634
1447, 11.30469,  1.79938
1448, 11.31250,  1.88898
1449, 11.32031,  1.93806
1450, 11.32812,  1.95863
1451, 11.33594,  1.91519
1452, 11.34375,  1.99718
1453, 11.35156,  2.03582
1454, 11.35938,  2.03278
1455, 11.36719,  2.29376
1456, 11.37500,  2.32817
1457, 11.38281,  2.32217
1458, 11.39062,  2.45190
1459, 11.39844,  2.37860
1460, 11.40625,  2.23777
1461, 11.41406,  2.29893
1462, 11.42188,  2.20625
1463, 11.42969,  2.26218
1464, 11.43750,  2.26361
1465, 11.44531,  2.39370
1466, 11.45312,  2.44277
1467, 11.46094,  2.34754
1468, 11.46875,  2.36307
1469, 11.47656,  2.31818
1470, 11.48438,  2.24197
1471, 11.49219,  2.31899
1472, 11.50000,  2.35904
1473, 11.50781,  2.33682
1474, 11.51562,  2.49545
1475, 11.52344,  2.45634
1476, 11.53125,  2.59510
1477, 11.53906,  2.43401
1478, 11.54688,  2.35281
1479, 11.55469,  2.29476
1480, 11.56250,  2.36384
1481, 11.57031,  2.43184
1482, 11.57812,  2.39752
1483, 11.58594,  2.40065
1484, 11.59375,  2.27841
1485, 11.60156,  2.38915
1486, 11.60938,  2.44261
1487, 11.61719,  2.52205
1488, 11.62500,  2.56765
1489, 11.63281,  2.56971
1490, 11.64062,  2.56198
1491, 11.64844,  2.56104
1492, 11.65625,  2.51978
1493, 11.66406,  2.61009
1494, 11.67188,  2.66818
1495, 11.67969,  2.50565
1496, 11.68750,  2.46605
1497, 11.69531,  2.51183
1498, 11.70312,  2.70093
1499, 11.71094,  2.66584
1500, 11.71875,  2.86148
1501, 11.72656,  2.92586
1502, 11.73438,  2.95221
1503, 11.74219,  2.93480
1504, 11.75000,  2.83547
1505, 11.75781,  2.66895
1506, 11.76562,  2.76009
1507, 11.77344,  2.90837
1508, 11.78125,  2.76516
1509, 11.78906,  2.69906
1510, 11.79688,  2.70486
1511, 11.80469,  2.58193
1512, 11.81250,  2.53909
1513, 11.82031,  2.57183
1514, 11.82812,  2.49046
1515, 11.83594,  2.37123
1516, 11.84375,  2.28823
1517, 11.85156,  2.25661
1518, 11.85938,  2.19799
1519, 11.86719,  2.15039
1520, 11.87500,  2.12201
1521, 11.88281,  2.23861
1522, 11.89062,  2.38477
1523, 11.89844,  2.46204
1524, 11.90625,  2.42367
1525, 11.91406,  2.50220
1526, 11.92188,  2.46963
1527, 11.92969,  2.46060
1528, 11.93750,  2.55801
1529, 11.94531,  2.48707
1530, 11.95312,  2.47472
1531, 11.96094,  2.33907
1532, 11.96875,  2.29919
1533, 11.97656,  2.42201
1534, 11.98438,  2.39013
1535, 11.99219,  2.31654
1536, 12.00000,  2.30907
1537, 12.00781,  2.17699
1538, 12.01562,  2.32781
1539, 12.02344,  2.32585
1540, 12.03125,  2.45613
1541, 12.03906,  2.55101
1542, 12.04688,  2.54056
1543, 12.05469,  2.60745
1544, 12.06250,  2.64612
1545, 12.07031,  2.78134
1546, 12.07812,  2.92011
1547, 12.08594,  2.94346
1548, 12.09375,  2.92684
1549, 12.10156,  2.86501
1550, 12.10938,  2.99018
1551, 12.11719,  2.88229
1552, 12.12500,  3.00739
1553, 12.13281,  3.10419
1554, 12.14062,  3.16910
1555, 12.14844,  3.19586
1556, 12.15625,  3.18562
1557, 12.16406,  3.08978
1558, 12.17188,  3.06790
1559, 12.17969,  3.08926
1560, 12.18750,  2.99957
1561, 12.19531,  3.01851
1562, 12.20312,  3.07144
1563, 12.21094,  3.20399
1564, 12.21875,  3.20063
1565, 12.22656,  3.24147
1566, 12.23438,  3.27557
1567, 12.24219,  3.36176
1568, 12.25000,  3.34759
1569, 12.25781,  3.51458
1570, 12.26562,  3.53952
1571, 12.27344,  3.56419
1572, 12.28125,  3.65982
1573, 12.28906,  3.47215
1574, 12.29688,  3.43923
1575, 12.30469,  3.39860
1576, 12.31250,  3.48246
1577, 12.32031,  3.49829
1578, 12.32812,  3.37252
1579, 12.33594,  3.37138
1580, 12.34375,  3.34594
1581, 12.35156,  3.33656
1582, 12.35938,  3.35405
1583, 12.36719,  3.18347
1584, 12.37500,  3.13387
1585, 12.38281,  3.03666
1586, 12.39062,  2.94449
1587, 12.39844,  2.95706
1588, 12.40625,  2.70889
1589, 12.41406,  2.79750
1590, 12.42188,  2.90803
1591, 12.42969,  2.79980
1592, 12.43750,  2.89577
1593, 12.44531,  3.01081
1594, 12.45312,  3.00829
1595, 12.46094,  2.96777
1596, 12.46875,  3.01971
1597, 12.47656,  2.98011
1598, 12.48438,  2.95294
1599, 12.49219,  2.96709
1600, 12.50000,  2.74385
1601, 12.50781,  2.66428
1602, 12.51562,  2.72141
1603, 12.52344,  2.64626
1604, 12.53125,  2.59335
1605, 12.53906,  2.62854
1606, 12.54688,  2.55401
1607, 12.55469,  2.54391
1608, 12.56250,  2.43877
1609, 12.57031,  2.44495
1610, 12.57812,  2.46501
1611, 12.58594,  2.52069
1612, 12.59375,  2.53236
1613, 12.60156,  2.46617
1614, 12.60938,  2.55053
1615, 12.61719,  2.51045
1616, 12.62500,  2.39831
1617, 12.63281,  2.17434
1618, 12.64062,  1.91040
1619, 12.64844,  1.86861
1620, 12.65625,  1.91688
1621, 12.66406,  1.87495
1622, 12.67188,  1.91114
1623, 12.67969,  1.93651
1624, 12.68750,  1.98008
1625, 12.69531,  1.88337
1626, 12.70312,  1.73924
1627, 12.71094,  1.62184
1628, 12.71875,  1.66834
1629, 12.72656,  1.47272
1630, 12.73438,  1.48055
1631, 12.74219,  1.41123
1632, 12.75000,  1.42904
1633, 12.75781,  1.50996
1634, 12.76562,  1.43179
1635, 12.77344,  1.45627
1636, 12.78125,  1.49259
1637, 12.78906,  1.40682
1638, 12.79688,  1.30597
1639, 12.80469,  1.41513
1640, 12.81250,  1.30307
1641, 12.82031,  1.11576
1642, 12.82812,  1.06503
1643, 12.83594,  1.11444
1644, 12.84375,  1.04987
1645, 12.85156,  0.89603
1646, 12.85938,  0.98704
1647, 12.86719,  1.01353
1648, 12.87500,  0.88575
1649, 12.88281,  0.91286
1650, 12.89062,  0.86847
1651, 12.89844,  0.93539
1652, 12.90625,  0.82218
1653, 12.91406,  0.81481
1654, 12.92188,  0.80332
1655, 12.92969,  0.86242
1656, 12.93750,  0.90693
1657, 12.94531,  0.96542
1658, 12.95312,  1.05702
1659, 12.96094,  1.24913
1660, 12.96875,  1.11623
1661, 12.97656,  1.32561
1662, 12.98438,  1.28485
1663, 12.99219,  1.32659
1664, 13.00000,  1.29824
1665, 13.00781,  1.16103
1666, 13.01562,  1.08140
1667, 13.02344,  1.13008
1668, 13.03125,  1.00616
1669, 13.03906,  0.96953
1670, 13.04688,  1.04571
1671, 13.05469,  1.07790
1672, 13.06250,  1.23556
1673, 13.07031,  1.14784
1674, 13.07812,  1.16289
1675, 13.08594,  1.22448
1676, 13.09375,  1.14966
1677, 13.10156,  1.24163
1678, 13.10938,  1.21848
1679, 13.11719,  1.09649
1680, 13.12500,  1.02983
1681, 13.13281,  1.00651
1682, 13.14062,  0.97206
1683, 13.14844,  1.10496
1684, 13.15625,  0.90380
1685, 13.16406,  0.77878
1686, 13.17188,  0.76643
1687, 13.17969,  0.79705
1688, 13.18750,  0.91284
1689, 13.19531,  0.91319
1690, 13.20312,  0.86938
1691, 13.21094,  0.79124
1692, 13.21875,  0.66784
1693, 13.22656,  0.78473
1694, 13.23438,  0.62541
1695, 13.24219,  0.57336
1696, 13.25000,  0.57432
1697, 13.25781,  0.50456
1698, 13.26562,  0.53884
1699, 13.27344,  0.60668
1700, 13.28125,  0.45333
1701, 13.28906,  0.42119
1702, 13.29688,  0.38766
1703, 13.30469,  0.54979
1704, 13.31250,  0.46881
1705, 13.32031,  0.40229
1706, 13.32812,  0.43484
1707, 13.33594,  0.37929
1708, 13.34375,  0.41147
1709, 13.35156,  0.44664
1710, 13.35938,  0.46137
1711, 13.36719,  0.31360
1712, 13.37500,  0.39756
1713, 13.38281,  0.49535
1714, 13.39062,  0.52741
1715, 13.39844,  0.53516
1716, 13.40625,  0.46418
1717, 13.41406,  0.41354
1718, 13.42188,  0.42863
1719, 13.42969,  0.46114
1720, 13.43750,  0.52001
1721, 13.44531,  0.49396
1722, 13.45312,  0.59244
1723, 13.46094,  0.57854
1724, 13.46875,  0.52784
1725, 13.47656,  0.53736
1726, 13.48438,  0.31288
1727, 13.49219,  0.39806
1728, 13.50000,  0.41034
1729, 13.50781,  0.42521
1730, 13.51562,  0.17153
1731, 13.52344,  0.29389
1732, 13.53125,  0.14197
1733, 13.53906,  0.15388
1734, 13.54688,  0.14244
1735, 13.55469,  0.12200
1736, 13.56250,  0.13183
1737, 13.57031,  0.06952
1738, 13.57812,  0.00999
1739, 13.58594, -0.13187
1740, 13.59375, -0.23129
1741, 13.60156, -0.42109
1742, 13.60938, -0.55342
1743, 13.61719, -0.44254
1744, 13.62500, -0.47819
1745, 13.63281, -0.48466
1746, 13.64062, -0.42929
1747, 13.64844, -0.52010
1748, 13.65625, -0.59589
1749, 13.66406, -0.39397
1750, 13.67188, -0.28396
1751, 13.67969, -0.27270
1752, 13.68750, -0.26079
1753, 13.69531, -0.29679
1754, 13.70312, -0.34900
1755, 13.71094, -0.47607
1756, 13.71875, -0.47922
1757, 13.72656, -0.49263
1758, 13.73438, -0.41741
1759, 13.74219, -0.33472
1760, 13.75000, -0.34198
1761, 13.75781, -0.41174
1762, 13.76562, -0.48919
1763, 13.77344, -0.62100
1764, 13.78125, -0.73752
1765, 13.78906, -0.55857
1766, 13.79688, -0.69776
1767, 13.80469, -0.61664
1768, 13.81250, -0.86225
1769, 13.82031, -0.87055
1770, 13.82812, -0.87524
1771, 13.83594, -0.77262
1772, 13.84375, -0.64947
1773, 13.85156, -0.61270
1774, 13.85938, -0.67208
1775, 13.86719, -0.66790
1776, 13.87500, -0.75463
1777, 13.88281, -0.78758
1778, 13.89062, -0.73351
1779, 13.89844, -0.67070
1780, 13.90625, -0.69402
1781, 13.91406, -0.64400
1782, 13.92188, -0.50169
1783, 13.92969, -0.61135
1784, 13.93750, -0.54512
1785, 13.94531, -0.44766
1786, 13.95312, -0.50713
1787, 13.96094, -0.46502
1788, 13.96875, -0.49395
1789, 13.97656, -0.61973
1790, 13.98438, -0.54346
1791, 13.99219, -0.43646
1792, 14.00000, -0.41847
1793, 14.00781, -0.41101
1794, 14.01562, -0.45973
1795, 14.02344, -0.50602
1796, 14.03125, -0.33748
1797, 14.03906, -0.38278
1798, 14.04688, -0.37620
1799, 14.05469, -0.52477
1800, 14.06250, -0.47690
1801, 14.07031, -0.47778
1802, 14.07812, -0.37046
1803, 14.08594, -0.38016
1804, 14.09375, -0.50614
1805, 14.10156, -0.45985
1806, 14.10938, -0.31332
1807, 14.11719, -0.33853
1808, 14.12500, -0.42508
1809, 14.13281, -0.30759
1810, 14.14062, -0.26245
1811, 14.14844, -0.20602
1812, 14.15625, -0.19362
1813, 14.16406, -0.26788
1814, 14.17188, -0.43677
1815, 14.17969, -0.27426
1816, 14.18750, -0.09241
1817, 14.19531, -0.12991
1818, 14.20312, -0.30005
1819, 14.21094, -0.34494
1820, 14.21875, -0.24724
1821, 14.22656, -0.22206
1822, 14.23438, -0.18617
1823, 14.24219, -0.25535
1824, 14.25000, -0.35724
1825, 14.25781, -0.37295
1826, 14.26562, -0.37665
1827, 14.27344, -0.24931
1828, 14.28125, -0.28314
1829, 14.28906, -0.23400
1830, 14.29688, -0.18740
1831, 14.30469, -0.26956
1832, 14.31250, -0.24501
1833, 14.32031, -0.22421
1834, 14.32812, -0.08172
1835, 14.33594, -0.09166
1836, 14.34375, -0.05127
1837, 14.35156, -0.03789
1838, 14.35938,  0.16565
1839, 14.36719,  0.22325
1840, 14.37500,  0.16745
1841, 14.38281,  0.06400
1842, 14.39062,  0.07310
1843, 14.39844, -0.05304
1844, 14.40625, -0.01802
1845, 14.41406,  0.01029
1846, 14.42188, -0.04684
1847, 14.42969, -0.05134
1848, 14.43750, -0.06428
1849, 14.44531, -0.17750
1850, 14.45312, -0.21301
1851, 14.46094, -0.23238
1852, 14.46875, -0.27364
1853, 14.47656, -0.26151
1854, 14.48438, -0.28320
1855, 14.49219, -0.42312
1856, 14.50000, -0.29979
1857, 14.50781, -0.38136
1858, 14.51562, -0.26496
1859, 14.52344, -0.35400
1860, 14.53125, -0.17580
1861, 14.53906, -0.21318
1862, 14.54688, -0.13589
1863, 14.55469, -0.30931
1864, 14.56250, -0.29806
1865, 14.57031, -0.33168
1866, 14.57812, -0.48213
1867, 14.58594, -0.49687
1868, 14.59375, -0.49834
1869, 14.60156, -0.51172
1870, 14.60938, -0.37818
1871, 14.61719, -0.33530
1872, 14.62500, -0.12473
1873, 14.63281, -0.07872
1874, 14.64062,  0.04005
1875, 14.64844,  0.06281
1876, 14.65625,  0.04045
1877, 14.66406,  0.11636
1878, 14.67188,  0.14369
1879, 14.67969,  0.16650
1880, 14.68750,  0.11443
1881, 14.69531,  0.10478
1882, 14.70312,  0.24227
1883, 14.71094,  0.24608
1884, 14.71875,  0.16165
1885, 14.72656,  0.04727
1886, 14.73438,  0.09274
1887, 14.74219,  0.11944
1888, 14.75000,  0.02257
1889, 14.75781,  0.00272
1890, 14.76562, -0.04284
1891, 14.77344, -0.01288
1892, 14.78125,  0.11884
1893, 14.78906,  0.13331
1894, 14.79688, -0.04637
1895, 14.80469, -0.13388
1896, 14.81250, -0.12103
1897, 14.82031, -0.11270
1898, 14.82812,  0.00581
1899, 14.83594, -0.03718
1900, 14.84375, -0.07597
1901, 14.85156,  0.05251
1902, 14.85938,  0.13268
1903, 14.86719,  0.24837
1904, 14.87500,  0.38699
1905, 14.88281,  0.41948
1906, 14.89062,  0.51343
1907, 14.89844,  0.55534
1908, 14.90625,  0.41481
1909, 14.91406,  0.42911
1910, 14.92188,  0.45084
1911, 14.92969,  0.39577
1912, 14.93750,  0.19592
1913, 14.94531,  0.17220
1914, 14.95312,  0.21787
1915, 14.96094,  0.24938
1916, 14.96875,  0.25277
1917, 14.97656,  0.32683
1918, 14.98438,  0.24075
1919, 14.99219,  0.26248
1920, 15.00000,  0.27233
1921, 15.00781,  0.38445
1922, 15.01562,  0.28723
1923, 15.02344,  0.23971
1924, 15.03125,  0.13172
1925, 15.03906,  0.11557
1926, 15.04688,  0.20846
1927, 15.05469,  0.08837
1928, 15.06250,  0.12749
1929, 15.07031,  0.05947
1930, 15.07812,  0.10732
1931, 15.08594,  0.15879
1932, 15.09375,  0.14283
1933, 15.10156,  0.09195
1934, 15.10938,  0.20944
1935, 15.11719,  0.16422
1936, 15.12500,  0.28118
1937, 15.13281,  0.32151
1938, 15.14062,  0.30918
1939, 15.14844,  0.12869
1940, 15.15625,  0.26146
1941, 15.16406,  0.19344
1942, 15.17188,  0.12681
1943, 15.17969,  0.12579
1944, 15.18750, -0.05611
1945, 15.19531,  0.00359
1946, 15.20312,  0.00505
1947, 15.21094, -0.00154
1948, 15.21875, -0.03237
1949, 15.22656, -0.12292
1950, 15.23438, -0.01930
1951, 15.24219,  0.00351
1952, 15.25000,  0.00196
1953, 15.25781,  0.14808
1954, 15.26562,  0.13071
1955, 15.27344,  0.06548
1956, 15.28125,  0.08058
1957, 15.28906,  0.06464
1958, 15.29688,  0.00696
1959, 15.30469, -0.02943
1960, 15.31250, -0.09885
1961, 15.32031, -0.20464
1962, 15.32812, -0.13930
1963, 15.33594, -0.16909
1964, 15.34375, -0.13382
1965, 15.35156,  0.03302
1966, 15.35938,  0.03922
1967, 15.36719,  0.07217
1968, 15.37500,  0.12915
1969, 15.38281,  0.25268
1970, 15.39062,  0.26326
1971, 15.39844,  0.24075
1972, 15.40625,  0.23765
1973, 15.41406,  0.35858
1974, 15.42188,  0.31871
1975, 15.42969,  0.40826
1976, 15.43750,  0.37228
1977, 15.44531,  0.40348
1978, 15.45312,  0.41722
1979, 15.46094,  0.33150
1980, 15.46875,  0.37349
1981, 15.47656,  0.38079
1982, 15.48438,  0.38234
1983, 15.49219,  0.36158
1984, 15.50000,  0.34298
1985, 15.50781,  0.48566
1986, 15.51562,  0.52632
1987, 15.52344,  0.40958
1988, 15.53125,  0.38081
1989, 15.53906,  0.34484
1990, 15.54688,  0.35785
1991, 15.55469,  0.17344
1992, 15.56250,  0.09962
1993, 15.57031,  0.02636
1994, 15.57812, -0.08685
1995, 15.58594, -0.02468
1996, 15.59375,  0.07388
1997, 15.60156,  0.00334
1998, 15.60938, -0.04996
1999, 15.61719, -0.11837
2000, 15.62500, -0.12112
2001, 15.63281, -0.05561
2002, 15.64062,  0.01386
2003, 15.64844,  0.09840
2004, 15.65625, -0.03573
2005, 15.66406, -0.12218
2006, 15.67188,  0.19627
2007, 15.67969,  0.32954
2008, 15.68750,  0.33381
2009, 15.69531,  0.18599
2010, 15.70312,  0.13683
2011, 15.71094,  0.21701
2012, 15.71875,  0.26562
2013, 15.72656,  0.18425
2014, 15.73438,  0.09647
2015, 15.74219,  0.11059
2016, 15.75000,  0.12016
2017, 15.75781, -0.08775
2018, 15.76562, -0.03299
2019, 15.77344, -0.14006
2020, 15.78125, -0.05796
2021, 15.78906, -0.10321
2022, 15.79688, -0.10984
2023, 15.80469, -0.19780
2024, 15.81250, -0.04836
2025, 15.82031, -0.00018
2026, 15.82812,  0.02447
2027, 15.83594, -0.10410
2028, 15.84375, -0.05838
2029, 15.85156, -0.07269
2030, 15.85938, -0.05538
2031, 15.86719, -0.15111
2032, 15.87500, -0.22447
2033, 15.88281, -0.32454
2034, 15.89062, -0.38168
2035, 15.89844, -0.52149
2036, 15.90625, -0.56049
2037, 15.91406, -0.40020
2038, 15.92188, -0.21775
2039, 15.92969, -0.26167
2040, 15.93750, -0.24563
2041, 15.94531, -0.32477
2042, 15.95312, -0.37267
2043, 15.96094, -0.39361
2044, 15.96875, -0.43302
2045, 15.97656, -0.55781
2046, 15.98438, -0.53213
2047, 15.99219, -0.53882
2048, 16.00000, -0.56015
